Estimate,Std. Error,z value,Pr(>|z|),feature,importance,significance
9.067180965935115e-5,2.9999807946040534e-5,3.0224130041911916,0.0025076815131557964,avg_GDP_per_capita,3.0224130041911916,**
-0.3965313617941056,0.1364139908158274,-2.90682326220822,0.0036511942493204427,avg_GDP_growth,2.90682326220822,**
-0.2273815874407538,0.15770607289370778,-1.4418061604641348,0.14935706449830147,avg_CO2_per_capita,1.4418061604641348,
-0.015313491569033508,0.015746894932856553,-0.9724769000065702,0.3308133514013931,avg_renewable_pct,0.9724769000065702,
2.519380059028798e-4,3.90608201754799e-4,0.6449890319021815,0.5189342934937284,avg_energy_per_capita,0.6449890319021815,
0.01080131653725771,0.018985551982315173,0.5689229655961024,0.5694084193318807,avg_urban_pct,0.5689229655961024,
-3.179502355391286e-9,7.3775811847904105e-9,-0.4309681284085541,0.6664915449288378,avg_population,0.4309681284085541,
0.1958454316687724,0.9330291341830015,0.20990280420371085,0.8337435335492638,avg_CO2_intensity,0.20990280420371085,
