Metric,Value
Accuracy,0.7777777777777778
Sensitivity,0.5555555555555556
Specificity,0.8888888888888888
Kappa,0.4705882352941178
AUC,0.876543209876543
