income,countries,avg_probability,avg_CO2_reduction,avg_impact_score,total_CO2_potential
Upper middle income,48,0.304803642135497,407.2121439550366,97.35629324057025,1291.3722348762126
High income,56,0.8246390619339269,-1.2702150946656627,27.196900220796586,1721.8296465016156
Low income,14,0.06980513081585724,85.95320917830816,8.48767691382878,547.8548875232418
Lower middle income,42,0.11505475441579009,-4.655614213349083,6.289791834083961,1213.107250944322
Not classified,1,NA,NA,NA,0
